file,account,date,description,amount,expected_category,is_transfer,anomaly
statements/northfield-checking_2026-04.csv,northfield-checking,2026-04-01,PARKSIDE PROPERTY MGMT RENT WEB PMT,-1850.00,Housing,false,
statements/northfield-checking_2026-04.csv,northfield-checking,2026-04-02,ONLINE TRANSFER TO SAVINGS XXXXXX1002,-500.00,Transfer,true,
statements/northfield-checking_2026-04.csv,northfield-checking,2026-04-03,BRIGHTWAY LOGISTICS PAYROLL PPD ID: 4419920113,2451.08,Income,false,
statements/northfield-checking_2026-04.csv,northfield-checking,2026-04-09,APEX VISA AUTOPAY,-842.17,Transfer,true,
statements/northfield-checking_2026-04.csv,northfield-checking,2026-04-12,SKYWAVE INTERNET AUTOPAY,-79.99,Utilities,false,
statements/northfield-checking_2026-04.csv,northfield-checking,2026-04-15,CLEARLINE WIRELESS AUTOPAY,-67.84,Utilities,false,
statements/northfield-checking_2026-04.csv,northfield-checking,2026-04-17,BRIGHTWAY LOGISTICS PAYROLL PPD ID: 4419920113,2448.64,Income,false,
statements/northfield-checking_2026-04.csv,northfield-checking,2026-04-18,METRO POWER CO ONLINE PMT,-133.93,Utilities,false,
statements/northfield-checking_2026-04.csv,northfield-checking,2026-04-22,CITY OF ARLINGTON WATER UTIL PMT,-46.81,Utilities,false,
statements/northfield-checking_2026-04.csv,northfield-checking,2026-04-25,SUMMIT CARD ONLINE PMT,-512.40,Transfer,true,
statements/northfield-checking_2026-05.csv,northfield-checking,2026-05-01,BRIGHTWAY LOGISTICS PAYROLL PPD ID: 4419920113,2449.03,Income,false,
statements/northfield-checking_2026-05.csv,northfield-checking,2026-05-01,PARKSIDE PROPERTY MGMT RENT WEB PMT,-1850.00,Housing,false,
statements/northfield-checking_2026-05.csv,northfield-checking,2026-05-02,ONLINE TRANSFER TO SAVINGS XXXXXX1002,-500.00,Transfer,true,
statements/northfield-checking_2026-05.csv,northfield-checking,2026-05-09,APEX VISA AUTOPAY,-242.32,Transfer,true,
statements/northfield-checking_2026-05.csv,northfield-checking,2026-05-12,SKYWAVE INTERNET AUTOPAY,-79.99,Utilities,false,
statements/northfield-checking_2026-05.csv,northfield-checking,2026-05-15,BRIGHTWAY LOGISTICS PAYROLL PPD ID: 4419920113,2450.26,Income,false,
statements/northfield-checking_2026-05.csv,northfield-checking,2026-05-15,CLEARLINE WIRELESS AUTOPAY,-71.06,Utilities,false,
statements/northfield-checking_2026-05.csv,northfield-checking,2026-05-18,METRO POWER CO ONLINE PMT,-96.60,Utilities,false,
statements/northfield-checking_2026-05.csv,northfield-checking,2026-05-22,CITY OF ARLINGTON WATER UTIL PMT,-54.52,Utilities,false,
statements/northfield-checking_2026-05.csv,northfield-checking,2026-05-25,SUMMIT CARD ONLINE PMT,-285.62,Transfer,true,
statements/northfield-checking_2026-05.csv,northfield-checking,2026-05-29,BRIGHTWAY LOGISTICS PAYROLL PPD ID: 4419920113,2451.01,Income,false,
statements/northfield-checking_2026-06.csv,northfield-checking,2026-06-01,PARKSIDE PROPERTY MGMT RENT WEB PMT,-1850.00,Housing,false,
statements/northfield-checking_2026-06.csv,northfield-checking,2026-06-02,ONLINE TRANSFER TO SAVINGS XXXXXX1002,-500.00,Transfer,true,
statements/northfield-checking_2026-06.csv,northfield-checking,2026-06-09,APEX VISA AUTOPAY,-1050.29,Transfer,true,
statements/northfield-checking_2026-06.csv,northfield-checking,2026-06-12,BRIGHTWAY LOGISTICS PAYROLL PPD ID: 4419920113,2449.51,Income,false,
statements/northfield-checking_2026-06.csv,northfield-checking,2026-06-12,SKYWAVE INTERNET AUTOPAY,-79.99,Utilities,false,
statements/northfield-checking_2026-06.csv,northfield-checking,2026-06-15,CLEARLINE WIRELESS AUTOPAY,-68.95,Utilities,false,
statements/northfield-checking_2026-06.csv,northfield-checking,2026-06-18,METRO POWER CO ONLINE PMT,-89.75,Utilities,false,
statements/northfield-checking_2026-06.csv,northfield-checking,2026-06-22,CITY OF ARLINGTON WATER UTIL PMT,-46.62,Utilities,false,
statements/northfield-checking_2026-06.csv,northfield-checking,2026-06-25,SUMMIT CARD ONLINE PMT,-325.27,Transfer,true,
statements/northfield-checking_2026-06.csv,northfield-checking,2026-06-26,BRIGHTWAY LOGISTICS PAYROLL PPD ID: 4419920113,2450.14,Income,false,
statements/northfield-checking_2026-07.csv,northfield-checking,2026-07-01,PARKSIDE PROPERTY MGMT RENT WEB PMT,-1850.00,Housing,false,
statements/northfield-checking_2026-07.csv,northfield-checking,2026-07-02,ONLINE TRANSFER TO SAVINGS XXXXXX1002,-500.00,Transfer,true,
statements/northfield-checking_2026-07.csv,northfield-checking,2026-07-09,APEX VISA AUTOPAY,-1032.19,Transfer,true,
statements/northfield-checking_2026-07.csv,northfield-checking,2026-07-10,BRIGHTWAY LOGISTICS PAYROLL PPD ID: 4419920113,2451.47,Income,false,
statements/northfield-checking_2026-07.csv,northfield-checking,2026-07-12,SKYWAVE INTERNET AUTOPAY,-79.99,Utilities,false,
statements/northfield-checking_2026-07.csv,northfield-checking,2026-07-15,CLEARLINE WIRELESS AUTOPAY,-69.89,Utilities,false,
statements/northfield-checking_2026-07.csv,northfield-checking,2026-07-18,METRO POWER CO ONLINE PMT,-91.80,Utilities,false,
statements/northfield-checking_2026-07.csv,northfield-checking,2026-07-22,CITY OF ARLINGTON WATER UTIL PMT,-51.57,Utilities,false,
statements/northfield-checking_2026-07.csv,northfield-checking,2026-07-24,BRIGHTWAY LOGISTICS PAYROLL PPD ID: 4419920113,2451.92,Income,false,
statements/northfield-checking_2026-07.csv,northfield-checking,2026-07-25,SUMMIT CARD ONLINE PMT,-328.02,Transfer,true,
statements/northfield-checking_2026-08.csv,northfield-checking,2026-08-01,PARKSIDE PROPERTY MGMT RENT WEB PMT,-1850.00,Housing,false,
statements/northfield-checking_2026-08.csv,northfield-checking,2026-08-02,ONLINE TRANSFER TO SAVINGS XXXXXX1002,-500.00,Transfer,true,
statements/northfield-checking_2026-08.csv,northfield-checking,2026-08-07,BRIGHTWAY LOGISTICS PAYROLL PPD ID: 4419920113,2451.37,Income,false,
statements/northfield-checking_2026-08.csv,northfield-checking,2026-08-09,APEX VISA AUTOPAY,-1260.11,Transfer,true,
statements/northfield-checking_2026-08.csv,northfield-checking,2026-08-12,SKYWAVE INTERNET AUTOPAY,-79.99,Utilities,false,
statements/northfield-checking_2026-08.csv,northfield-checking,2026-08-15,CLEARLINE WIRELESS AUTOPAY,-70.29,Utilities,false,
statements/northfield-checking_2026-08.csv,northfield-checking,2026-08-18,METRO POWER CO ONLINE PMT,-109.06,Utilities,false,
statements/northfield-checking_2026-08.csv,northfield-checking,2026-08-21,BRIGHTWAY LOGISTICS PAYROLL PPD ID: 4419920113,2448.72,Income,false,
statements/northfield-checking_2026-08.csv,northfield-checking,2026-08-22,CITY OF ARLINGTON WATER UTIL PMT,-43.47,Utilities,false,
statements/northfield-checking_2026-08.csv,northfield-checking,2026-08-25,SUMMIT CARD ONLINE PMT,-364.93,Transfer,true,
statements/northfield-checking_2026-09.csv,northfield-checking,2026-09-01,PARKSIDE PROPERTY MGMT RENT WEB PMT,-1850.00,Housing,false,
statements/northfield-checking_2026-09.csv,northfield-checking,2026-09-02,ONLINE TRANSFER TO SAVINGS XXXXXX1002,-500.00,Transfer,true,
statements/northfield-checking_2026-09.csv,northfield-checking,2026-09-04,BRIGHTWAY LOGISTICS PAYROLL PPD ID: 4419920113,2451.20,Income,false,
statements/northfield-checking_2026-09.csv,northfield-checking,2026-09-09,APEX VISA AUTOPAY,-935.70,Transfer,true,
statements/northfield-checking_2026-09.csv,northfield-checking,2026-09-15,CLEARLINE WIRELESS AUTOPAY,-68.90,Utilities,false,
statements/northfield-checking_2026-09.csv,northfield-checking,2026-09-18,BRIGHTWAY LOGISTICS PAYROLL PPD ID: 4419920113,2449.04,Income,false,
statements/northfield-checking_2026-09.csv,northfield-checking,2026-09-18,METRO POWER CO ONLINE PMT,-114.64,Utilities,false,
statements/northfield-checking_2026-09.csv,northfield-checking,2026-09-22,CITY OF ARLINGTON WATER UTIL PMT,-47.98,Utilities,false,
statements/northfield-checking_2026-09.csv,northfield-checking,2026-09-25,SUMMIT CARD ONLINE PMT,-467.76,Transfer,true,
statements/northfield-savings_2026-04.csv,northfield-savings,2026-04-02,ONLINE TRANSFER FROM CHECKING XXXXXX1001,500.00,Transfer,true,
statements/northfield-savings_2026-04.csv,northfield-savings,2026-04-30,INTEREST PAYMENT,28.33,Interest,false,
statements/northfield-savings_2026-05.csv,northfield-savings,2026-05-02,ONLINE TRANSFER FROM CHECKING XXXXXX1001,500.00,Transfer,true,
statements/northfield-savings_2026-05.csv,northfield-savings,2026-05-31,INTEREST PAYMENT,30.09,Interest,false,
statements/northfield-savings_2026-06.csv,northfield-savings,2026-06-02,ONLINE TRANSFER FROM CHECKING XXXXXX1001,500.00,Transfer,true,
statements/northfield-savings_2026-06.csv,northfield-savings,2026-06-30,INTEREST PAYMENT,31.86,Interest,false,
statements/northfield-savings_2026-07.csv,northfield-savings,2026-07-02,ONLINE TRANSFER FROM CHECKING XXXXXX1001,500.00,Transfer,true,
statements/northfield-savings_2026-07.csv,northfield-savings,2026-07-31,INTEREST PAYMENT,33.63,Interest,false,
statements/northfield-savings_2026-08.csv,northfield-savings,2026-08-02,ONLINE TRANSFER FROM CHECKING XXXXXX1001,500.00,Transfer,true,
statements/northfield-savings_2026-08.csv,northfield-savings,2026-08-31,INTEREST PAYMENT,35.41,Interest,false,
statements/northfield-savings_2026-09.csv,northfield-savings,2026-09-02,ONLINE TRANSFER FROM CHECKING XXXXXX1001,500.00,Transfer,true,
statements/northfield-savings_2026-09.csv,northfield-savings,2026-09-30,INTEREST PAYMENT,37.20,Interest,false,
statements/apex-visa_2026-04.csv,apex-visa,2026-04-03,AMZN MKTP US*7ETP43,-66.43,Shopping,false,
statements/apex-visa_2026-04.csv,apex-visa,2026-04-04,TRADER JOE S #662 ARLINGTON VA,-66.94,Groceries,false,
statements/apex-visa_2026-04.csv,apex-visa,2026-04-06,NETFLIX.COM,-15.49,Subscriptions,false,
statements/apex-visa_2026-04.csv,apex-visa,2026-04-05,SHELL OIL 57442 ARLINGTON VA,-35.51,Transportation,false,
statements/apex-visa_2026-04.csv,apex-visa,2026-04-07,SHELL OIL 57442 ARLINGTON VA,-45.96,Transportation,false,
statements/apex-visa_2026-04.csv,apex-visa,2026-04-12,PAYMENT THANK YOU,842.17,Transfer,true,
statements/apex-visa_2026-04.csv,apex-visa,2026-04-12,SPOTIFY USA,-11.99,Subscriptions,false,
statements/apex-visa_2026-05.csv,apex-visa,2026-04-16,CVS/PHARMACY #04512 ARLINGTON VA,-13.54,Health,false,
statements/apex-visa_2026-05.csv,apex-visa,2026-04-18,TRADER JOE S #662 ARLINGTON VA,-111.19,Groceries,false,
statements/apex-visa_2026-05.csv,apex-visa,2026-04-20,SHELL OIL 57442 ARLINGTON VA,-44.74,Transportation,false,
statements/apex-visa_2026-05.csv,apex-visa,2026-04-18,TARGET 00023481 ARLINGTON VA,-68.71,Shopping,false,
statements/apex-visa_2026-05.csv,apex-visa,2026-04-20,GOOGLE *Google One,-2.99,Subscriptions,false,
statements/apex-visa_2026-05.csv,apex-visa,2026-04-23,SAFEWAY #1234 ARLINGTON VA,-86.22,Groceries,false,
statements/apex-visa_2026-05.csv,apex-visa,2026-04-24,TRADER JOE S #662 ARLINGTON VA,-128.69,Groceries,false,
statements/apex-visa_2026-05.csv,apex-visa,2026-04-24,AMZN MKTP US*8V64DN,-65.22,Shopping,false,
statements/apex-visa_2026-05.csv,apex-visa,2026-04-28,SAFEWAY #1234 ARLINGTON VA,-81.63,Groceries,false,
statements/apex-visa_2026-05.csv,apex-visa,2026-04-29,SAFEWAY #1234 ARLINGTON VA,-126.30,Groceries,false,
statements/apex-visa_2026-05.csv,apex-visa,2026-05-02,SHELL OIL 57442 ARLINGTON VA,-55.03,Transportation,false,
statements/apex-visa_2026-05.csv,apex-visa,2026-05-06,NETFLIX.COM,-15.49,Subscriptions,false,
statements/apex-visa_2026-05.csv,apex-visa,2026-05-10,SAFEWAY #1234 ARLINGTON VA,-46.53,Groceries,false,
statements/apex-visa_2026-05.csv,apex-visa,2026-05-10,CVS/PHARMACY #04512 ARLINGTON VA,-27.15,Health,false,
statements/apex-visa_2026-05.csv,apex-visa,2026-05-11,PAYMENT THANK YOU,242.32,Transfer,true,
statements/apex-visa_2026-05.csv,apex-visa,2026-05-12,SPOTIFY USA,-11.99,Subscriptions,false,
statements/apex-visa_2026-05.csv,apex-visa,2026-05-12,SHELL OIL 57442 ARLINGTON VA,-51.62,Transportation,false,
statements/apex-visa_2026-05.csv,apex-visa,2026-05-12,TARGET 00023481 ARLINGTON VA,-113.25,Shopping,false,
statements/apex-visa_2026-06.csv,apex-visa,2026-05-17,SAFEWAY #1234 ARLINGTON VA,-37.32,Groceries,false,
statements/apex-visa_2026-06.csv,apex-visa,2026-05-18,TRADER JOE S #662 ARLINGTON VA,-110.94,Groceries,false,
statements/apex-visa_2026-06.csv,apex-visa,2026-05-18,AMZN MKTP US*S496WN,-139.25,Shopping,false,
statements/apex-visa_2026-06.csv,apex-visa,2026-05-20,GOOGLE *Google One,-2.99,Subscriptions,false,
statements/apex-visa_2026-06.csv,apex-visa,2026-05-22,SHELL OIL 57442 ARLINGTON VA,-53.24,Transportation,false,
statements/apex-visa_2026-06.csv,apex-visa,2026-05-24,TRADER JOE S #662 ARLINGTON VA,-95.48,Groceries,false,
statements/apex-visa_2026-06.csv,apex-visa,2026-05-23,AMZN MKTP US*6REDM9,-30.01,Shopping,false,
statements/apex-visa_2026-06.csv,apex-visa,2026-05-28,SAFEWAY #1234 ARLINGTON VA,-87.28,Groceries,false,
statements/apex-visa_2026-06.csv,apex-visa,2026-05-30,TRADER JOE S #662 ARLINGTON VA,-76.34,Groceries,false,
statements/apex-visa_2026-06.csv,apex-visa,2026-06-01,SHELL OIL 57442 ARLINGTON VA,-47.34,Transportation,false,
statements/apex-visa_2026-06.csv,apex-visa,2026-06-05,SAFEWAY #1234 ARLINGTON VA,-137.89,Groceries,false,
statements/apex-visa_2026-06.csv,apex-visa,2026-06-06,NETFLIX.COM,-15.49,Subscriptions,false,
statements/apex-visa_2026-06.csv,apex-visa,2026-06-10,PAYMENT THANK YOU,1050.29,Transfer,true,
statements/apex-visa_2026-06.csv,apex-visa,2026-06-12,TARGET 00023481 ARLINGTON VA,-102.51,Shopping,false,
statements/apex-visa_2026-06.csv,apex-visa,2026-06-12,SPOTIFY USA,-11.99,Subscriptions,false,
statements/apex-visa_2026-06.csv,apex-visa,2026-06-13,SAFEWAY #1234 ARLINGTON VA,-84.12,Groceries,false,duplicate
statements/apex-visa_2026-07.csv,apex-visa,2026-06-13,SAFEWAY #1234 ARLINGTON VA,-84.12,Groceries,false,
statements/apex-visa_2026-07.csv,apex-visa,2026-06-15,TRADER JOE S #662 ARLINGTON VA,-110.23,Groceries,false,
statements/apex-visa_2026-07.csv,apex-visa,2026-06-19,CVS/PHARMACY #04512 ARLINGTON VA,-25.95,Health,false,
statements/apex-visa_2026-07.csv,apex-visa,2026-06-20,GOOGLE *Google One,-2.99,Subscriptions,false,
statements/apex-visa_2026-07.csv,apex-visa,2026-06-21,SHELL OIL 57442 ARLINGTON VA,-48.96,Transportation,false,
statements/apex-visa_2026-07.csv,apex-visa,2026-06-21,TARGET 00023481 ARLINGTON VA,-37.51,Shopping,false,
statements/apex-visa_2026-07.csv,apex-visa,2026-06-20,SAFEWAY #1234 ARLINGTON VA,-79.41,Groceries,false,
statements/apex-visa_2026-07.csv,apex-visa,2026-06-21,TRADER JOE S #662 ARLINGTON VA,-112.12,Groceries,false,
statements/apex-visa_2026-07.csv,apex-visa,2026-06-23,SHELL OIL 57442 ARLINGTON VA,-32.70,Transportation,false,
statements/apex-visa_2026-07.csv,apex-visa,2026-06-25,TARGET 00023481 ARLINGTON VA,-86.64,Shopping,false,
statements/apex-visa_2026-07.csv,apex-visa,2026-06-26,SAFEWAY #1234 ARLINGTON VA,-83.71,Groceries,false,
statements/apex-visa_2026-07.csv,apex-visa,2026-06-27,TRADER JOE S #662 ARLINGTON VA,-71.52,Groceries,false,
statements/apex-visa_2026-07.csv,apex-visa,2026-07-06,SAFEWAY #1234 ARLINGTON VA,-77.89,Groceries,false,
statements/apex-visa_2026-07.csv,apex-visa,2026-07-06,TRADER JOE S #662 ARLINGTON VA,-72.13,Groceries,false,
statements/apex-visa_2026-07.csv,apex-visa,2026-07-05,SHELL OIL 57442 ARLINGTON VA,-40.39,Transportation,false,
statements/apex-visa_2026-07.csv,apex-visa,2026-07-04,SHELL OIL 57442 ARLINGTON VA,-41.42,Transportation,false,
statements/apex-visa_2026-07.csv,apex-visa,2026-07-05,SHELL OIL 57442 ARLINGTON VA,-52.48,Transportation,false,
statements/apex-visa_2026-07.csv,apex-visa,2026-07-07,TRADER JOE S #662 ARLINGTON VA,-109.90,Groceries,false,
statements/apex-visa_2026-07.csv,apex-visa,2026-07-06,NETFLIX.COM,-15.49,Subscriptions,false,
statements/apex-visa_2026-07.csv,apex-visa,2026-07-09,TARGET 00023481 ARLINGTON VA,-31.50,Shopping,false,
statements/apex-visa_2026-07.csv,apex-visa,2026-07-10,PAYMENT THANK YOU,1032.19,Transfer,true,
statements/apex-visa_2026-07.csv,apex-visa,2026-07-10,CVS/PHARMACY #04512 ARLINGTON VA,-30.06,Health,false,
statements/apex-visa_2026-07.csv,apex-visa,2026-07-12,SPOTIFY USA,-12.99,Subscriptions,false,price_increase
statements/apex-visa_2026-08.csv,apex-visa,2026-07-15,AMZN MKTP US*XH9RAX,-59.56,Shopping,false,
statements/apex-visa_2026-08.csv,apex-visa,2026-07-16,SAFEWAY #1234 ARLINGTON VA,-139.41,Groceries,false,
statements/apex-visa_2026-08.csv,apex-visa,2026-07-20,GOOGLE *Google One,-2.99,Subscriptions,false,
statements/apex-visa_2026-08.csv,apex-visa,2026-07-22,SAFEWAY #1234 ARLINGTON VA,-104.65,Groceries,false,
statements/apex-visa_2026-08.csv,apex-visa,2026-07-21,TARGET 00023481 ARLINGTON VA,-73.27,Shopping,false,
statements/apex-visa_2026-08.csv,apex-visa,2026-07-22,AMZN MKTP US*00424R,-59.77,Shopping,false,
statements/apex-visa_2026-08.csv,apex-visa,2026-07-25,TRADER JOE S #662 ARLINGTON VA,-65.54,Groceries,false,
statements/apex-visa_2026-08.csv,apex-visa,2026-08-01,TRADER JOE S #662 ARLINGTON VA,-38.59,Groceries,false,
statements/apex-visa_2026-08.csv,apex-visa,2026-08-02,AMZN MKTP US*07E9H0,-50.77,Shopping,false,
statements/apex-visa_2026-08.csv,apex-visa,2026-08-01,SAFEWAY #1234 ARLINGTON VA,-74.63,Groceries,false,
statements/apex-visa_2026-08.csv,apex-visa,2026-08-01,TARGET 00023481 ARLINGTON VA,-100.75,Shopping,false,
statements/apex-visa_2026-08.csv,apex-visa,2026-08-02,SHELL OIL 57442 ARLINGTON VA,-55.15,Transportation,false,
statements/apex-visa_2026-08.csv,apex-visa,2026-08-04,CVS/PHARMACY #04512 ARLINGTON VA,-40.77,Health,false,
statements/apex-visa_2026-08.csv,apex-visa,2026-08-06,NETFLIX.COM,-15.49,Subscriptions,false,
statements/apex-visa_2026-08.csv,apex-visa,2026-08-11,PAYMENT THANK YOU,1260.11,Transfer,true,
statements/apex-visa_2026-08.csv,apex-visa,2026-08-12,TRADER JOE S #662 ARLINGTON VA,-41.37,Groceries,false,
statements/apex-visa_2026-08.csv,apex-visa,2026-08-12,SPOTIFY USA,-12.99,Subscriptions,false,
statements/apex-visa_2026-09.csv,apex-visa,2026-08-16,SAFEWAY #1234 ARLINGTON VA,-122.08,Groceries,false,
statements/apex-visa_2026-09.csv,apex-visa,2026-08-20,SHELL OIL 57442 ARLINGTON VA,-34.23,Transportation,false,
statements/apex-visa_2026-09.csv,apex-visa,2026-08-20,GOOGLE *Google One,-2.99,Subscriptions,false,
statements/apex-visa_2026-09.csv,apex-visa,2026-08-22,AMZN MKTP US*5UCSVC,-103.62,Shopping,false,
statements/apex-visa_2026-09.csv,apex-visa,2026-08-22,BEST BUY 00012345 ARLINGTON VA,-899.99,Shopping,false,large_purchase
statements/apex-visa_2026-09.csv,apex-visa,2026-08-23,SAFEWAY #1234 ARLINGTON VA,-79.41,Groceries,false,
statements/apex-visa_2026-09.csv,apex-visa,2026-08-24,SHELL OIL 57442 ARLINGTON VA,-35.85,Transportation,false,
statements/apex-visa_2026-09.csv,apex-visa,2026-08-25,TRADER JOE S #662 ARLINGTON VA,-115.31,Groceries,false,
statements/apex-visa_2026-09.csv,apex-visa,2026-08-28,AMZN MKTP US*F1NWUK,-28.54,Shopping,false,
statements/apex-visa_2026-09.csv,apex-visa,2026-09-03,TRADER JOE S #662 ARLINGTON VA,-61.96,Groceries,false,
statements/apex-visa_2026-09.csv,apex-visa,2026-09-07,AMZN MKTP US*KGA945,-55.86,Shopping,false,
statements/apex-visa_2026-09.csv,apex-visa,2026-09-06,SAFEWAY #1234 ARLINGTON VA,-124.56,Groceries,false,
statements/apex-visa_2026-09.csv,apex-visa,2026-09-06,NETFLIX.COM,-15.49,Subscriptions,false,
statements/apex-visa_2026-09.csv,apex-visa,2026-09-10,PAYMENT THANK YOU,935.70,Transfer,true,
statements/apex-visa_2026-09.csv,apex-visa,2026-09-13,SHELL OIL 57442 ARLINGTON VA,-32.40,Transportation,false,
statements/apex-visa_2026-09.csv,apex-visa,2026-09-12,SPOTIFY USA,-12.99,Subscriptions,false,
statements/apex-visa_2026-10.csv,apex-visa,2026-09-15,SAFEWAY #1234 ARLINGTON VA,-43.03,Groceries,false,
statements/apex-visa_2026-10.csv,apex-visa,2026-09-15,SHELL OIL 57442 ARLINGTON VA,-56.88,Transportation,false,
statements/apex-visa_2026-10.csv,apex-visa,2026-09-15,TARGET 00023481 ARLINGTON VA,-139.75,Shopping,false,
statements/apex-visa_2026-10.csv,apex-visa,2026-09-16,CVS/PHARMACY #04512 ARLINGTON VA,-38.38,Health,false,
statements/apex-visa_2026-10.csv,apex-visa,2026-09-17,SHELL OIL 57442 ARLINGTON VA,-33.02,Transportation,false,
statements/apex-visa_2026-10.csv,apex-visa,2026-09-18,TARGET 00023481 ARLINGTON VA,-124.58,Shopping,false,
statements/apex-visa_2026-10.csv,apex-visa,2026-09-20,TRADER JOE S #662 ARLINGTON VA,-36.46,Groceries,false,
statements/apex-visa_2026-10.csv,apex-visa,2026-09-20,GOOGLE *Google One,-2.99,Subscriptions,false,
statements/apex-visa_2026-10.csv,apex-visa,2026-09-23,SAFEWAY #1234 ARLINGTON VA,-49.53,Groceries,false,
statements/apex-visa_2026-10.csv,apex-visa,2026-09-24,AMZN MKTP US*QKLLFB,-74.56,Shopping,false,
statements/apex-visa_2026-10.csv,apex-visa,2026-09-30,TRADER JOE S #662 ARLINGTON VA,-74.09,Groceries,false,
statements/summit-card_2026-04.csv,summit-card,2026-04-01,SQ *BLUE BEAN CAFE 4412,-25.67,Dining,false,
statements/summit-card_2026-04.csv,summit-card,2026-04-02,TST* NAKAMURA RAMEN,-27.89,Dining,false,
statements/summit-card_2026-04.csv,summit-card,2026-04-02,SQ *BLUE BEAN CAFE 4412,-17.94,Dining,false,
statements/summit-card_2026-04.csv,summit-card,2026-04-03,GIANT FOOD #0217 ARLINGTON VA,-55.09,Groceries,false,
statements/summit-card_2026-04.csv,summit-card,2026-04-07,CHIPOTLE 2291,-18.37,Dining,false,
statements/summit-card_2026-04.csv,summit-card,2026-04-07,LYFT *RIDE,-13.88,Transportation,false,
statements/summit-card_2026-04.csv,summit-card,2026-04-15,DOORDASH*THAI BASIL,-27.36,Dining,false,
statements/summit-card_2026-04.csv,summit-card,2026-04-16,DOORDASH*THAI BASIL,-31.23,Dining,false,
statements/summit-card_2026-04.csv,summit-card,2026-04-26,UBER *TRIP,-14.08,Transportation,false,
statements/summit-card_2026-04.csv,summit-card,2026-04-27,ONLINE PAYMENT - THANK YOU,512.40,Transfer,true,
statements/summit-card_2026-04.csv,summit-card,2026-04-28,UBER *TRIP,-18.28,Transportation,false,
statements/summit-card_2026-04.csv,summit-card,2026-04-28,GIANT FOOD #0217 ARLINGTON VA,-35.83,Groceries,false,
statements/summit-card_2026-05.csv,summit-card,2026-05-02,LYFT *RIDE,-17.40,Transportation,false,
statements/summit-card_2026-05.csv,summit-card,2026-05-03,CHIPOTLE 2291,-31.22,Dining,false,
statements/summit-card_2026-05.csv,summit-card,2026-05-06,CHIPOTLE 2291,-26.75,Dining,false,
statements/summit-card_2026-05.csv,summit-card,2026-05-07,TST* NAKAMURA RAMEN,-31.10,Dining,false,
statements/summit-card_2026-05.csv,summit-card,2026-05-09,GIANT FOOD #0217 ARLINGTON VA,-32.89,Groceries,false,
statements/summit-card_2026-05.csv,summit-card,2026-05-10,SQ *BLUE BEAN CAFE 4412,-14.60,Dining,false,
statements/summit-card_2026-05.csv,summit-card,2026-05-11,TST* NAKAMURA RAMEN,-15.98,Dining,false,
statements/summit-card_2026-05.csv,summit-card,2026-05-11,UBER *TRIP,-16.60,Transportation,false,
statements/summit-card_2026-05.csv,summit-card,2026-05-20,DOORDASH*THAI BASIL,-25.31,Dining,false,
statements/summit-card_2026-05.csv,summit-card,2026-05-20,GIANT FOOD #0217 ARLINGTON VA,-58.21,Groceries,false,
statements/summit-card_2026-05.csv,summit-card,2026-05-23,UBER *TRIP,-25.42,Transportation,false,
statements/summit-card_2026-05.csv,summit-card,2026-05-26,ONLINE PAYMENT - THANK YOU,285.62,Transfer,true,
statements/summit-card_2026-05.csv,summit-card,2026-05-31,DOORDASH*THAI BASIL,-29.79,Dining,false,
statements/summit-card_2026-06.csv,summit-card,2026-06-01,DOORDASH*THAI BASIL,-23.44,Dining,false,
statements/summit-card_2026-06.csv,summit-card,2026-06-05,TST* NAKAMURA RAMEN,-31.66,Dining,false,
statements/summit-card_2026-06.csv,summit-card,2026-06-07,LYFT *RIDE,-25.54,Transportation,false,
statements/summit-card_2026-06.csv,summit-card,2026-06-10,CHIPOTLE 2291,-18.31,Dining,false,
statements/summit-card_2026-06.csv,summit-card,2026-06-10,LYFT *RIDE,-23.24,Transportation,false,
statements/summit-card_2026-06.csv,summit-card,2026-06-13,DOORDASH*THAI BASIL,-25.34,Dining,false,
statements/summit-card_2026-06.csv,summit-card,2026-06-14,GIANT FOOD #0217 ARLINGTON VA,-25.14,Groceries,false,
statements/summit-card_2026-06.csv,summit-card,2026-06-15,SQ *BLUE BEAN CAFE 4412,-23.93,Dining,false,
statements/summit-card_2026-06.csv,summit-card,2026-06-15,CHIPOTLE 2291,-16.04,Dining,false,
statements/summit-card_2026-06.csv,summit-card,2026-06-23,LYFT *RIDE,-19.58,Transportation,false,
statements/summit-card_2026-06.csv,summit-card,2026-06-25,CHIPOTLE 2291,-35.11,Dining,false,
statements/summit-card_2026-06.csv,summit-card,2026-06-26,CHIPOTLE 2291,-16.27,Dining,false,
statements/summit-card_2026-06.csv,summit-card,2026-06-27,GIANT FOOD #0217 ARLINGTON VA,-44.42,Groceries,false,
statements/summit-card_2026-06.csv,summit-card,2026-06-27,ONLINE PAYMENT - THANK YOU,325.27,Transfer,true,
statements/summit-card_2026-07.csv,summit-card,2026-07-01,TST* NAKAMURA RAMEN,-36.13,Dining,false,
statements/summit-card_2026-07.csv,summit-card,2026-07-04,LYFT *RIDE,-14.73,Transportation,false,
statements/summit-card_2026-07.csv,summit-card,2026-07-05,GIANT FOOD #0217 ARLINGTON VA,-30.03,Groceries,false,
statements/summit-card_2026-07.csv,summit-card,2026-07-08,DOORDASH*THAI BASIL,-27.22,Dining,false,
statements/summit-card_2026-07.csv,summit-card,2026-07-09,CHIPOTLE 2291,-29.78,Dining,false,
statements/summit-card_2026-07.csv,summit-card,2026-07-10,TST* NAKAMURA RAMEN,-34.52,Dining,false,
statements/summit-card_2026-07.csv,summit-card,2026-07-13,GIANT FOOD #0217 ARLINGTON VA,-28.34,Groceries,false,
statements/summit-card_2026-07.csv,summit-card,2026-07-17,CHIPOTLE 2291,-32.51,Dining,false,
statements/summit-card_2026-07.csv,summit-card,2026-07-17,LYFT *RIDE,-19.35,Transportation,false,
statements/summit-card_2026-07.csv,summit-card,2026-07-22,LYFT *RIDE,-13.96,Transportation,false,
statements/summit-card_2026-07.csv,summit-card,2026-07-25,SQ *BLUE BEAN CAFE 4412,-18.59,Dining,false,
statements/summit-card_2026-07.csv,summit-card,2026-07-25,CHIPOTLE 2291,-29.64,Dining,false,
statements/summit-card_2026-07.csv,summit-card,2026-07-26,DOORDASH*THAI BASIL,-25.68,Dining,false,
statements/summit-card_2026-07.csv,summit-card,2026-07-27,ONLINE PAYMENT - THANK YOU,328.02,Transfer,true,
statements/summit-card_2026-07.csv,summit-card,2026-07-30,DOORDASH*THAI BASIL,-24.45,Dining,false,
statements/summit-card_2026-08.csv,summit-card,2026-08-02,UBER *TRIP,-13.52,Transportation,false,
statements/summit-card_2026-08.csv,summit-card,2026-08-03,TST* NAKAMURA RAMEN,-32.93,Dining,false,
statements/summit-card_2026-08.csv,summit-card,2026-08-05,CHIPOTLE 2291,-38.65,Dining,false,
statements/summit-card_2026-08.csv,summit-card,2026-08-09,DOORDASH*THAI BASIL,-26.79,Dining,false,
statements/summit-card_2026-08.csv,summit-card,2026-08-12,SQ *BLUE BEAN CAFE 4412,-28.69,Dining,false,
statements/summit-card_2026-08.csv,summit-card,2026-08-12,UBER *TRIP,-20.35,Transportation,false,
statements/summit-card_2026-08.csv,summit-card,2026-08-14,SQ *BLUE BEAN CAFE 4412,-35.91,Dining,false,
statements/summit-card_2026-08.csv,summit-card,2026-08-17,GIANT FOOD #0217 ARLINGTON VA,-39.33,Groceries,false,
statements/summit-card_2026-08.csv,summit-card,2026-08-19,DOORDASH*THAI BASIL,-36.14,Dining,false,
statements/summit-card_2026-08.csv,summit-card,2026-08-22,TST* NAKAMURA RAMEN,-43.88,Dining,false,
statements/summit-card_2026-08.csv,summit-card,2026-08-24,SQ *BLUE BEAN CAFE 4412,-42.09,Dining,false,
statements/summit-card_2026-08.csv,summit-card,2026-08-26,ONLINE PAYMENT - THANK YOU,364.93,Transfer,true,
statements/summit-card_2026-08.csv,summit-card,2026-08-27,CHIPOTLE 2291,-32.01,Dining,false,
statements/summit-card_2026-08.csv,summit-card,2026-08-28,CHIPOTLE 2291,-23.54,Dining,false,
statements/summit-card_2026-08.csv,summit-card,2026-08-29,UBER *TRIP,-23.66,Transportation,false,
statements/summit-card_2026-08.csv,summit-card,2026-08-30,GIANT FOOD #0217 ARLINGTON VA,-30.27,Groceries,false,
statements/summit-card_2026-09.csv,summit-card,2026-09-01,SQ *BLUE BEAN CAFE 4412,-31.79,Dining,false,
statements/summit-card_2026-09.csv,summit-card,2026-09-01,SQ *BLUE BEAN CAFE 4412,-34.69,Dining,false,
statements/summit-card_2026-09.csv,summit-card,2026-09-03,CHIPOTLE 2291,-38.57,Dining,false,
statements/summit-card_2026-09.csv,summit-card,2026-09-04,CHIPOTLE 2291,-36.10,Dining,false,
statements/summit-card_2026-09.csv,summit-card,2026-09-05,DOORDASH*THAI BASIL,-34.14,Dining,false,
statements/summit-card_2026-09.csv,summit-card,2026-09-06,CHIPOTLE 2291,-30.30,Dining,false,
statements/summit-card_2026-09.csv,summit-card,2026-09-07,SQ *BLUE BEAN CAFE 4412,-36.77,Dining,false,
statements/summit-card_2026-09.csv,summit-card,2026-09-10,UBER *TRIP,-10.35,Transportation,false,
statements/summit-card_2026-09.csv,summit-card,2026-09-12,CHIPOTLE 2291,-28.92,Dining,false,
statements/summit-card_2026-09.csv,summit-card,2026-09-16,SQ *BLUE BEAN CAFE 4412,-25.79,Dining,false,
statements/summit-card_2026-09.csv,summit-card,2026-09-19,LYFT *RIDE,-24.62,Transportation,false,
statements/summit-card_2026-09.csv,summit-card,2026-09-20,LYFT *RIDE,-10.83,Transportation,false,
statements/summit-card_2026-09.csv,summit-card,2026-09-21,TST* NAKAMURA RAMEN,-28.63,Dining,false,
statements/summit-card_2026-09.csv,summit-card,2026-09-21,CHIPOTLE 2291,-31.21,Dining,false,
statements/summit-card_2026-09.csv,summit-card,2026-09-26,GIANT FOOD #0217 ARLINGTON VA,-20.15,Groceries,false,
statements/summit-card_2026-09.csv,summit-card,2026-09-28,GIANT FOOD #0217 ARLINGTON VA,-68.16,Groceries,false,
statements/summit-card_2026-09.csv,summit-card,2026-09-28,ONLINE PAYMENT - THANK YOU,467.76,Transfer,true,
