Transaction Date,Post Date,Description,Category,Amount
2026-05-17,2026-05-17,SAFEWAY #1234 ARLINGTON VA,Groceries,37.32
2026-05-18,2026-05-18,TRADER JOE S #662 ARLINGTON VA,Groceries,110.94
2026-05-18,2026-05-20,AMZN MKTP US*S496WN,Merchandise,139.25
2026-05-20,2026-05-20,GOOGLE *Google One,Services,2.99
2026-05-22,2026-05-22,SHELL OIL 57442 ARLINGTON VA,Gas/Automotive,53.24
2026-05-24,2026-05-24,TRADER JOE S #662 ARLINGTON VA,Groceries,95.48
2026-05-23,2026-05-24,AMZN MKTP US*6REDM9,Merchandise,30.01
2026-05-28,2026-05-30,SAFEWAY #1234 ARLINGTON VA,Groceries,87.28
2026-05-30,2026-05-31,TRADER JOE S #662 ARLINGTON VA,Groceries,76.34
2026-06-01,2026-06-02,SHELL OIL 57442 ARLINGTON VA,Gas/Automotive,47.34
2026-06-05,2026-06-06,SAFEWAY #1234 ARLINGTON VA,Groceries,137.89
2026-06-06,2026-06-07,NETFLIX.COM,Services,15.49
2026-06-10,2026-06-10,PAYMENT THANK YOU,Payment,-1050.29
2026-06-12,2026-06-12,TARGET 00023481 ARLINGTON VA,Merchandise,102.51
2026-06-12,2026-06-14,SPOTIFY USA,Services,11.99
2026-06-13,2026-06-14,SAFEWAY #1234 ARLINGTON VA,Groceries,84.12
