Date,Description,Debit,Credit,Balance
09/01/2026,PARKSIDE PROPERTY MGMT RENT WEB PMT,1850.00,,8797.72
09/02/2026,ONLINE TRANSFER TO SAVINGS XXXXXX1002,500.00,,8297.72
09/04/2026,BRIGHTWAY LOGISTICS PAYROLL PPD ID: 4419920113,,2451.20,10748.92
09/09/2026,APEX VISA AUTOPAY,935.70,,9813.22
09/15/2026,CLEARLINE WIRELESS AUTOPAY,68.90,,9744.32
09/18/2026,BRIGHTWAY LOGISTICS PAYROLL PPD ID: 4419920113,,2449.04,12193.36
09/18/2026,METRO POWER CO ONLINE PMT,114.64,,12078.72
09/22/2026,CITY OF ARLINGTON WATER UTIL PMT,47.98,,12030.74
09/25/2026,SUMMIT CARD ONLINE PMT,467.76,,11562.98
