Trans. Date,Merchant Name,Amount
01-Apr-2026,SQ *BLUE BEAN CAFE 4412,-25.67
02-Apr-2026,TST* NAKAMURA RAMEN,-27.89
02-Apr-2026,SQ *BLUE BEAN CAFE 4412,-17.94
03-Apr-2026,GIANT FOOD #0217 ARLINGTON VA,-55.09
07-Apr-2026,CHIPOTLE 2291,-18.37
07-Apr-2026,LYFT *RIDE,-13.88
15-Apr-2026,DOORDASH*THAI BASIL,-27.36
16-Apr-2026,DOORDASH*THAI BASIL,-31.23
26-Apr-2026,UBER *TRIP,-14.08
27-Apr-2026,ONLINE PAYMENT - THANK YOU,512.40
28-Apr-2026,UBER *TRIP,-18.28
28-Apr-2026,GIANT FOOD #0217 ARLINGTON VA,-35.83
